{"time_s": 365.577963, "step": 9435, "tip": [6.0307, 599.8095, 8.7714], "theta_cmd_rad": [0.0, 0.0, 0.0, 0.0, 0.0, 0.0, 0.0, 0.0, 0.0, 0.0, 0.0, 0.0], "theta_meas_rad": [0.0, 0.0, 0.0, 1e-06, 0.0, 0.0, 0.0, 0.0, 0.0, 0.0, 0.0, 0.0], "disp_mm_cmd": [0.0, 0.0, 0.0, 0.0, 0.0, 0.0, 0.0, 0.0, 0.0, 0.0, 0.0, 0.0], "disp_mm_meas": [-3e-06, -6e-06, -2e-06, 1e-05, -1.4e-05, -5e-06, -1e-06, -1.6e-05, -9e-06, -1.2e-05, -1.5e-05, -1.1e-05], "cable_forces_N": [55.770697, -27.993589, -28.693753, 56.587498, -33.461582, -23.861518, 24.40658, -13.882113, -10.956294, 4.196537, -2.371543, -1.900976], "cableLengths": [156.422772, 169.777759, 167.223828, 305.002683, 305.002206, 305.001885, 455.01197, 455.0127, 455.012167, 605.008036, 605.008518, 605.008161], "bend_angle_deg": 1.0167, "tip_disp_mm": 8.83081, "fem_vonMises": {"mean": null, "max": null}}