{"time_s": 1.934825, "step": 62, "tip": [6.355, 329.9354, 26.195], "theta_cmd_rad": [0.45, 0.0, 0.0, 0.0, 0.0, 0.0, 0.0, 0.0, 0.0], "theta_meas_rad": [0.45, 0.0, 0.0, 0.0, 0.0, 0.0, 0.0, 0.0, 0.0], "disp_mm_cmd": [3.6, 0.0, 0.0, 0.0, 0.0, 0.0, 0.0, 0.0, 0.0], "disp_mm_meas": [3.599998, -4e-06, 1e-06, -0.0, -9e-06, -0.0, -5e-06, -3e-06, -1e-06], "cable_forces_N": [205.137281, -78.977277, -73.466428, 25.891297, -27.350642, -25.055861, 5.662593, 8.584896, 9.864505], "cableLengths": [112.400002, 116.000004, 115.999999, 116.0, 116.000009, 116.0, 116.000005, 116.000003, 116.000001], "bend_angle_deg": 4.67054, "tip_disp_mm": 9.1524, "fem_vonMises": {"mean": null, "max": null}}